,,,,,,,Regulatory,,,,,Non Reg,,,,,,,,,,,,,,,,,
Species Name,Common Name,State,List/Protocol Type,List/Protocol Name,Verbal Score/Result,Point Score/Result,MA,ME,NH,NY,,MA,ME,NH,NY,,MA,ME,NH,NY,,,,,,,,,
Acer ginnala,Amur Maple,,,,,NA,,Likely Invasive,,Moderate Risk,,,Very invasive,,,,,61.67,,66.22,,,,,,,,,
Acer palmatum,NA,,,,,,,,,Moderate Risk,,,,,,,,,,50,,,,,,,,,
Acer platanoides,Norway Maple,,,,,NA,Invasive,Invasive,x,Very High Risk,,,Very invasive,,,,,61,74,,,,,,,,,,
Acer pseudoplatanus,Sycamore maple,,,,,,Invasive,,,High Risk,,,"Potential to be invasive, monitor",,,,48.57,82,,,,,,,,,,,
Achyranthes japonica,NA,,,,,,,,,High Risk,,,,,,,,,,71.11,,,,,,,,,
Acroptilon repens,NA,,,,,,,,,Moderate Risk,,,,,,,,,,,,,,,,,,,
Actinidia arguta,Hardy kiwi,,,,,,Likely Invasive,Likely Invasive,,High Risk/Unknown Risk,,,Very invasive,,,,75,71.08/50,,62.3,,,,,,,,,
Actinidia polygama,NA,,,,,,,,,Unknown Risk,,,,,,,,,,58.33,,,,,,,,,
Aegopodium podagraria,Bishop's Goutweed,,,,,,Invasive,Likely Invasive,Restricted,Moderate Risk,,,Severly invasive,,,,61,59.09,,72.73,,,,,,,,,
Agrostis gigantea,NA,,,,,,,,,Moderate Risk,,,,,,,,,,63.75,,,,,,,,,
Agrostis stolonifera,NA,,,,,,,,,Moderate Risk,,,,,,,,,,,,,,,,,,,
Ailanthus altissima,Tree of Heaven,,,,,,Invasive,Likely Invasive,Prohibited List,High Risk/Moderate Risk,,,Severly invasive,,,,77,67.5,,72.45/59,,,,,,,,,
Akebia quinata,Chocolate vine; five-leaved akebia,,,,,,Needs further review,,,Moderate Risk,,,Severly invasive,,,,79.17,68,,,,,,,,,,,
Albizia julibrissin,NA,,,,,,,,,Low Risk,,,,,,,,,,52.38,,,,,,,,,
Aldrovanda vesiculosa,NA,,,,,,,,,Unknown Risk,,,,,,,,,,,,,,,,,,,
Alliaria petiolata,Garlic mustard,,,,,,Invasive,Invasive,Prohibited List,Very High Risk,,,Severly invasive,,,,73,40/80.39,,74.49,,,,,,,,,
Alnus glutinosa,European Alder,,,,,,,,Prohibited List,Moderate Risk,,,Severly invasive,,,,,84,,72.73,,,,,,,,,
Alternanthera philoxeroides,NA,,,,,,,,,High Risk,,,,,,,,,,58,,,,,,,,,
Alternanthera sessilis,NA,,,,,,,,,Unknown Risk,,,,,,,,,,64.44,,,,,,,,,
Amorpha fruticosa,False Indigo,,,,,,Needs further review,Likely Invasive,,,,,Severly invasive,,,,,77.08/81.63,,,,,,,,,,,
Ampelopsis brevipedunculata,Porcelain-berry; Amur peppervine,,,,,NA,Likely Invasive,Potentiall Invasive,Restricted List,High Risk,,,Severly invasive,,,,,71.26,,71.76,,,,,,,,,
Anchusa officinalis,NA,,,,,,,,,High Risk,,,,,,,,,,72,,,,,,,,,
Angelica sylvestris,Woodland angelica,,,,,,,,,,,,"Invasive, habitat-specific threats",,,,,/47,,,,,,,,,,,
Anthraxon hispidus,NA,,,,,,,,,High Risk,,,,,,,,,,76,,,,,,,,,
Anthriscus sylvestris,Wild chervil,,,,,,Likely Invasive,,Banned,High Risk,,,,,,,62,,52.31,75.67,,,,,,,,,
Apis mellifera,NA,,,,,,,,,Moderate Risk,,,,,,,,,,78.75,,,,,,,,,
Aponogeton distachyos,NA,,,,,,,,,Moderate Risk,,,,,,,,,,NA,,,,,,,,,
Aralia elata,NA,,,,,,,,,Very High Risk,,,,,,,,,,56,,,,,,,,,
Araujia sericifera,NA,,,,,,,,,High Risk,,,,,,,,,,67,,,,,,,,,
Ardisia elliptica,NA,,,,,,,,,High Risk,,,,,,,,,,80.46,,,,,,,,,
Artemisia stelleriana,NA,,,,,,,,,High Risk,,,,,,,,,,71,,,,,,,,,
Artemisia vulgaris,Common mugwort,,,,,,,Likely Invasive,Restricted List,,,,"Potential to be invasive, monitor",,,,,78/78,,,,,,,,,,,
Arthraxon hispidus,Small carpgrass,,,,,,,,,,,,"Potential to be invasive, monitor",,,,,/45,,,,,,,,,,,
Arthraxon hispidus,Hairy joint grass; Jointhead; Small carpetgrass,,,,,,Potentially Invasive,,,,,,,,,,76,,,,,,,,,,,,
Arum italicum,NA,,,,,,,,,Moderate Risk,,,,,,,,,,46.77,,,,,,,,,
Arundinaria gigantea,NA,,,,,,,,,NA Risk,,,,,,,,,,,,,,,,,,,
Arundo donax,NA,,,,,,,,,High Risk,,,,,,,,,,64,,,,,,,,,
Asclepias curassavica,NA,,,,,,,,,High Risk,,,,,,,,,,59.74,,,,,,,,,
Avena barbata,NA,,,,,,,,,High Risk,,,,,,,,,,79.57,,,,,,,,,
Bellardia trixago,NA,,,,,,,,,Moderate Risk,,,,,,,,,,71,,,,,,,,,
Berberis julianae,NA,,,,,,,,,High Risk,,,,,,,,,,74,,,,,,,,,
Berberis thunbergii,Japanese barberry,,,,,,Invasive,Invasive,Prohibited List,High Risk/Very High Risk,,,Severly invasive,,,,78,64/74,,83.67/81,,,,,,,,,
Berberis vulgaris,European Barberry,,,,,,Likely Invasive,Likely Invasive,Prohibited List,Moderate Risk,,,Very invasive,,,,68,91,,66.67,,,,,,,,,
Brachypodium distachyon,,,,,,,,,,High Risk,,,,,,,,,,68.75,,,,,,,,,
Brachypodium sylvaticum,,,,,,,,,,Very High Risk,,,,,,,,,,,,,,,,,,,
Bromus tectorum,NA,,,,,,,,,Moderate Risk,,,,,,,,,,74,,,,,,,,,
Broussonetia papyrifera,NA,,,,,,,,,High Risk,,,,,,,,,,86.6,,,,,,,,,
Buddleja davidii,NA,,,,,,,,,Low Risk,,,,,,,,,,50,,,,,,,,,
Buddleja lindleyana,NA,,,,,,,,,High Risk,,,,,,,,,,75,,,,,,,,,
Bunias orientalis,NA,,,,,,,,,Moderate Risk,,,,,,,,,,45.45,,,,,,,,,
Butomus umbellatus,Flowering Rush,,,,,,Likely Invasive,,,Moderate Risk,,,Severly invasive,,,,70.41,/74,,61.63,,,,,,,,,
Cabomba carolianiana,Carolina fanwort,,,,,,Invasive,,,High Risk,,,Severly invasive,,,,63.75,,,,,,,,,,,,
Cadamine impatiens,NA,,,,,,,,,High Risk,,,,,,,,,,84.78,,,,,,,,,
Calamagrostis epigejos,NA,,,,,,,,,High Risk,,,,,,,,,,72.34,,,,,,,,,
Callitriche stagnalis,Starwort,,,,,,,,,,,,Severly invasive,,,,,76.32,,,,,,,,,,,
Campanula rapunculoides,NA,,,,,,,,,Moderate Risk,,,,,,,,,,78,,,,,,,,,
Canna indica,NA,,,,,,,,,Moderate Risk,,,,,,,,,,77.97,,,,,,,,,
Caragana arborescens,NA,,,,,,,,,High Risk/Unknown Risk,,,,,,,,,,60.27/66,,,,,,,,,
Cardamine impatiens,Bushy rock-cress; narrowleaf bittercress,,,,,,Likely Invasive,,,,,,Very invasive,,,,31,73.03,,,,,,,,,,,
Cardiospermum halicacabum,NA,,,,,,,,,Unknown Risk,,,,,,,,,,66.15,,,,,,,,,
Carduus acanthoides,NA,,,,,,,,,Moderate Risk,,,,,,,,,,60.71,,,,,,,,,
Carduus nutans,Musk thistle,,,,,,,,Restricted List,Moderate Risk,,,,,,,,,41.67,54.17,,,,,,,,,
Carex extensa,NA,,,,,,,,,Unknown Risk,,,,,,,,,,58,,,,,,,,,
Carex flacca,NA,,,,,,,,,Unknown Risk,,,,,,,,,,54,,,,,,,,,
Carex kobomugi,NA,,,,,,,,,Moderate Risk,,,,,,,,,,51.92,,,,,,,,,
Carex kobomugi,Japanese sedge; Asiatic sand sedge,,,,,,Potentially Invasive,,,,,,,,,,64.29,,,,,,,,,,,,
Carlina vulgaris,NA,,,,,,,,,Unknown Risk,,,,,,,,,,68.6,,,,,,,,,
Carthamus lanatus,NA,,,,,,,,,High Risk,,,,,,,,,,NA,,,,,,,,,
Carum carvi,NA,,,,,,,,,High Risk/Unknown Risk,,,,,,,,,,52.83/77,,,,,,,,,
Catalpa speciosa,Northern catalpa,,,,,,Needs further review,,,,,,,,,,75,,,,,,,,,,,,
Cayratia japonica,NA,,,,,,,,,High Risk,,,,,,,,,,53.85,,,,,,,,,
Celastrus orbiculatus,Asiatic Bittersweet,,,,,,Invasive,Invasive,Prohibited List,Very High Risk,,,Severly invasive,,,,83,NA/73,,84,,,,,,,,,
Centaurea biebersteinii DC.; Centaurea stoebe L. ssp. Micranthos (Gugler) Hayek,Spotted knapweed,,,,,,Likely Invasive,,,,,,,,,,86.67,,,,,,,,,,,,
Centaurea diffusa,Diffuse knapweed,,,,,,,,Restricted List,,,,,,,,,,,,,,,,,,,,
Centaurea jacea,Brown Knapweed,,,,,,,,,Moderate Risk,,,"Invasive, habitat-specific threats",,,,,,,57,,,,,,,,,
Centaurea solstitialis,Yellow starthistle,,,,,,,,Restricted List,Moderate Risk,,,,,,,,,52.31,62.34,,,,,,,,,
Centaurea stoebe ssp.Micranthos,Spotted Knapweed/Spotted starthistle,,,,,,,,Prohibited List,High Risk,,,"Invasive, habitat-specific threats",,,,,/44,52.94,52,,,,,,,,,
Cestrum diurnum,NA,,,,,,,,,High Risk,,,,,,,,,,78.88,,,,,,,,,
Chelidonium majus,NA,,,,,,,,,Moderate Risk,,,,,,,,,,55,,,,,,,,,
Chondrilla juncea,NA,,,,,,,,,Moderate Risk,,,,,,,,,,71,,,,,,,,,
Circium vulgare,NA,,,,,,,,,Moderate Risk,,,,,,,,,,44,,,,,,,,,
Cirsium arvense,Canada Thistle,,,,,,,,Restricted List,High Risk,,,Severly invasive,,,,,/44,54,70.41,,,,,,,,,
Cirsium palustre,NA,,,,,,,,,Moderate Risk,,,,,,,,,,60,,,,,,,,,
Cirsium vulgare,Bull Thistle,,,,,,,,,,,,"Potential to be invasive, monitor",,,,,71,,,,,,,,,,,
Clematis flammula,NA,,,,,,,,,High Risk,,,,,,,,,,67.9,,,,,,,,,
Clematis terniflora,Yam-leaved virgin’s bower,,,,,,,,,High Risk,,,Very invasive,,,,,/40.82,,72,,,,,,,,,
Clematis vitalba,NA,,,,,,,,,High Risk,,,,,,,,,,60.87,,,,,,,,,
Cleome hassleriana,NA,,,,,,,,,Unknown Risk,,,,,,,,,,72.6,,,,,,,,,
Colocasia esculenta,NA,,,,,,,,,High Risk,,,,,,,,,,44.64,,,,,,,,,
Conium maculatum,NA,,,,,,,,,Moderate Risk,,,,,,,,,,52.38,,,,,,,,,
Convolvulus arvensis,NA,,,,,,,,,Moderate Risk,,,,,,,,,,71,,,,,,,,,
Conyza bonariensis,NA,,,,,,,,,High Risk,,,,,,,,,,56.98,,,,,,,,,
Cornus kousa,NA,,,,,,,,,Unknown Risk,,,,,,,,,,61.25,,,,,,,,,
Coronilla varia,NA,,,,,,,,,Moderate Risk,,,,,,,,,,73,,,,,,,,,
Cortaderia selloana,NA,,,,,,,,,High Risk,,,,,,,,,,47.46,,,,,,,,,
Corydalis incisa,NA,,,,,,,,,Moderate Risk/Unknown Risk,,,,,,,,,,62.07/77,,,,,,,,,
Corydalis solida,NA,,,,,,,,,High Risk,,,,,,,,,,65,,,,,,,,,
Cotoneaster adpressus,NA,,,,,,,,,Unknown Risk,,,,,,,,,,46,,,,,,,,,
Cotoneaster hupehensis,NA,,,,,,,,,Unknown Risk,,,,,,,,,,72,,,,,,,,,
Crassula helmsii,NA,,,,,,,,,High Risk,,,,,,,,,,48.89,,,,,,,,,
Crotalaria spectabilis,NA,,,,,,,,,High Risk,,,,,,,,,,47.22,,,,,,,,,
Cynanchum louiseae,Black swallowwort,,,,,,Invasive,,Prohibited List,Very High Risk,,,Severly invasive,,,,72,/78.13,75,78.95,,,,,,,,,
Cynanchum rossicum,Pale swallowwort,,,,,,Likely Invasive,,Prohibited List,,,,Severly invasive,,,,78.95,/89.69,,,,,,,,,,,
Cynoglossum officinale,NA,,,,,,,,,Moderate Risk,,,,,,,,,,72,,,,,,,,,
Cyperus difformis,NA,,,,,,,,,Moderate Risk,,,,,,,,,,NA,,,,,,,,,
Cyperus iria,NA,,,,,,,,,Low Risk/Unknown Risk,,,,,,,,,,53.13/51.95,,,,,,,,,
Cyperus microiria,NA,,,,,,,,,Unknown Risk,,,,,,,,,,44.74/66,,,,,,,,,
Cytisus scoparius,Scotch broom,,,,,,Likely Invasive,,,High Risk,,,,,,,52.17,,,55.36,,,,,,,,,
Daphne mezereum,February daphne; paradise plant,,,,,,,,,Unknown Risk,,,"Invasive, habitat-specific threats",,,,,/78.13,,NA,,,,,,,,,
Datura stramonium,Jimsonweed,NH,,,,,,,Banned,Moderate Risk,,,,,,,,,57.78,78.57,,,,,,,,,
Deutzia scabra,NA,,,,,,,,,High Risk,,,,,,,,,,65,,,,,,,,,
Digitalis grandiflora,NA,,,,,,,,,High Risk,,,,,,,,,,50,,,,,,,,,
Digitalis lanata,NA,,,,,,,,,Insignificant Risk,,,,,,,,,,75,,,,,,,,,
Digitalis purpurea,NA,,,,,,,,,Moderate Risk,,,,,,,,,,78,,,,,,,,,
Dioscorea polystachya,Chinese yam,,,,,,,,,High Risk,,,Severly invasive,,,,,/36.78,,53.33/70.83,,,,,,,,,
Dipsacus fullonum,NA,,,,,,,,,High Risk,,,,,,,,,,73.96,,,,,,,,,
Dipsacus laciniatus,NA,,,,,,,,,High Risk,,,,,,,,,,77.5,,,,,,,,,
Egeria densa,Brazilian Waterweed,,,,,,Likely Invasive,,,High Risk,,,Severly invasive,,,,78.82,70,,75.56,,,,,,,,,
Ehrharta erecta,NA,,,,,,,,,High Risk,,,,,,,,,,74.71,,,,,,,,,
Eichhornia crassipes,NA,,,,,,,,,High Risk,,,,,,,,,,74,,,,,,,,,
Elaeagnus angustifolia,Russian olive,,,,,,Likely Invasive,,Restricted,Moderate Risk,,,"Invasive, habitat-specific threats",,,,55.1,79,94,NA,,,,,,,,,
Elaeagnus umbellata,Autumn olive,,,,,,Invasive,Invasive,Prohibited List,Very High Risk,,,Very invasive,,,,64,68,,69.39,,,,,,,,,
Eleutherococcus pentaphyllus,NA,,,,,,,,,Unknown Risk,,,,,,,,,,57,,,,,,,,,
Elsholtzia ciliata,NA,,,,,,,,,High Risk,,,,,,,,,,59.68,,,,,,,,,
Emex spinosa,NA,,,,,,,,,High Risk,,,,,,,,,,NA,,,,,,,,,
Epilobium hirsutum,Hairy willow herb,ME,Non-regulatory,Advisory List,,,Likely Invasive,,,Moderate Risk,,,Very invasive,,,,69.44,75,,74,,,,,,,,,
Epipactis helleborine,NA,,,,,,,,,Low Risk,,,,,,,,,,62.5,,,,,,,,,
Eragrostis curvula,NA,,,,,,,,,Moderate Risk,,,,,,,,,,NA,,,,,,,,,
Eunymus fortuneii,Wintercreeper,,,,,,Needs further review,,Restricted,High Risk,,,Very invasive,,,,64.21,60,45,NA,,,,,,,,,
Euonymus alatus,Winged Euonymus/Burning Bush,,,,,,Invasive,Invasive,Prohibited List,Very High Risk,,,Severly invasive,,,,56,57.14/51,NA,70.15,,,,,,,,,
Euonymus europaeus,European Spindle-Tree,,,,,,Needs further review,,,Moderate Risk,,,Insufficient data to evaluate,,,,70.21,/81.25,,NA,,,,,,,,,
Euphorbia cyparissias,Cypress Spurge,,,,,,Likely Invasive,Likely Invasive,Restricted List,High Risk,,,"Potential to be invasive, monitor",,,,56,77.78/NA,NA,49,,,,,,,,,
Euphorbia dentata,NA,,,,,,,,,Unknown Risk,,,,,,,,,,75.32,,,,,,,,,
Euphorbia esula,Leafy Spurge,,,,,,Invasive,,Restricted List,High Risk,,,Very invasive,,,,68,NA,51.79,66.67,,,,,,,,,
Fallopia baldschuanica,Chinese Bindweed,,,,,,,Potentiall Invasive,,Moderate Risk,,,"Invasive, habitat-specific threats",,,,,75.9/NA,,NA,,,,,,,,,
Fallopia japonica,Japanese knotweed,,,,,,,Invasive,,Very High Risk,,,Severly invasive,,,,,54.39/50.6,,NA,,,,,,,,,
Fallopia sachalinensis,Giant knotweed,,,,,,,,Prohibited List,,,,Severly invasive,,,,,91.75,97.94,,,,,,,,,,
Fallopia x bohemica,Bohemian knotweed,,,,,,,,Prohibited List,,,,Severly invasive,,,,,/84.54,74,,,,,,,,,,
Fatoua villosa,NA,,,,,,,,,Unknown Risk,,,,,,,,,,93.62/75,,,,,,,,,
Festuca filiformis,Fine-leaved Sheep Fescue,,,,,,Likely Invasive,,,Moderate Risk,,,"Invasive, habitat-specific threats",,,,54.17,/54.39,,61.22,,,,,,,,,
Festuca ovina,sheep fescue,,,,,,Needs further review,,,,,,,,,,60.27,,,,,,,,,,,,
Ficaria verna,Lesser Celandine,,,,,,,,,High Risk,,,Very invasive,,,,,NA,,NA,,,,,,,,,
Ficus carica,NA,,,,,,,,,Moderate Risk,,,,,,,,,,65.28,,,,,,,,,
Filipendula ulmaria,NA,,,,,,,,,Moderate Risk,,,,,,,,,,75,,,,,,,,,
Firmiana simplex,NA,,,,,,,,,High Risk,,,,,,,,,,55.17,,,,,,,,,
Frangula alnus,Glossy Buckthorn,,,,,,Invasive,Invasive,Prohibited List,High Risk,,,Severly invasive,,,,74,63.22/73,NA,73/75.51,,,,,,,,,
Froelichia gracilis,NA,,,,,,,,,Moderate Risk,,,,,,,,,,72.73,,,,,,,,,
Galega officinalis,NA,,,,,,,,,Moderate Risk,,,,,,,,,,NA,,,,,,,,,
Galeopsis tetrahit,NA,,,,,,,,,Moderate Risk,,,,,,,,,,53.25,,,,,,,,,
Galium odoratum,NA,,,,,,,,,Low Risk,,,,,,,,,,59.72,,,,,,,,,
Glaucium flavum,Yellow Hornpoppy,,,,,,Invasive,,,Moderate Risk,,,"Potential to be invasive, monitor",,,,46.77,/58.89,,47.78,,,,,,,,,
Glechoma hederacea,NA,,,,,,,,,High Risk,,,,,,,,,,65.75,,,,,,,,,
Glossostigma cleistanthum,Mudmat,,,,,,Needs further review,,,Insignificant Risk,,,"Invasive, habitat-specific threats",,,,57.97,NA,,75,,,,,,,,,
Glyceria maxima,English Water Grass/Reed sweet grass,,,,,,Likely Invasive,,Prohibited List,High Risk,,,Very invasive,,,,58,34.88,NA,69.57,,,,,,,,,
Gypsophila paniculata,NA,,,,,,,,,High Risk,,,,,,,,,,79.52,,,,,,,,,
Hedera helix,NA,,,,,,,,,Moderate Risk,,,,,,,,,,NA,,,,,,,,,
Hemarthria altissima,NA,,,,,,,,,Moderate Risk,,,,,,,,,,70,,,,,,,,,
Hemerocallis fulva,NA,,,,,,,,,Low Risk,,,,,,,,,,66,,,,,,,,,
Heracleum mantegazzianum,Giant Hogweed,,,,,,Likely Invasive,,Prohibited List,High Risk,,,Very invasive,,,,57,/69,46.25,67,,,,,,,,,
Hesperis matronalis,Dame's Rocket,,,,,,Invasive,Invasive,Restricted List,Moderate Risk,,,Very invasive,,,,46,72/NA,NA,60,,,,,,,,,
Hibiscus tiliaceus,NA,,,,,,,,,High Risk,,,,,,,,,,56.97,,,,,,,,,
Hordeum murinum,NA,,,,,,,,,Unknown Risk,,,,,,,,,,NA,,,,,,,,,
Houttuyina cordata,NA,,,,,,,,,Unknown Risk,,,,,,,,,,71,,,,,,,,,
Humulus japonicus,Japanese Hops,,,,,,Likely Invasive,,Restricted List,High Risk,,,Very invasive,,,,62,47.46,57.97,63.75,,,,,,,,,
Hyacinthoides hispanica,NA,,,,,,,,,High Risk,,,,,,,,,,74.03,,,,,,,,,
Hydrilla verticillata,Hydrilla,,,,,,Likely Invasive,,,Very High Risk,,,Severly invasive,,,,87.76,NA,,73,,,,,,,,,
Hydrocharis morsus-ranae,European Frog's Bit,,,,,,,,,Very High Risk,,,Severly invasive,,,,,91.4,,NA,,,,,,,,,
Hygrophila polysperma,NA,,,,,,,,,High Risk,,,,,,,,,,77.89,,,,,,,,,
Hypericum perforatum,NA,,,,,,,,,Low Risk,,,,,,,,,,85.57,,,,,,,,,
Ilex crenata,NA,,,,,,,,,Moderate Risk/LowRisk,,,,,,,,,,89.53/46.75,,,,,,,,,
Impatiens glandulifera,Ornamental Jewelweed,,,,,,,Likely Invasive,Prohibited List,Moderate Risk,,,Severly invasive,,,,,64.57/46.67,NA,81.18,,,,,,,,,
Imperata cylindrica,NA,,,,,,,,,High Risk,,,,,,,,,,44,,,,,,,,,
Ipomoea aquatica,NA,,,,,,,,,High Risk,,,,,,,,,,66.67,,,,,,,,,
Iris pseudacorus,Yellow Iris,,,,,,Invasive,Invasive,Prohibited List,High Risk,,,Severly invasive,,,,66,79/75.27,NA,74.23,,,,,,,,,
Isatis tinctoria,NA,,,,,,,,,Moderate Risk,,,,,,,,,,76,,,,,,,,,
Jacobaea vulgaris,NA,,,,,,,,,High Risk,,,,,,,,,,NA,,,,,,,,,
Jasminum multiflorum,NA,,,,,,,,,High Risk,,,,,,,,,,54.44,,,,,,,,,
Juglans ailantifolia,NA,,,,,,,,,Moderate Risk/Unknown Risk,,,,,,,,,,74/73,,,,,,,,,
Kalopanax septemlobus,Castor-aralia,,,,,,,,Restricted List,High Risk,,,,,,,,,58.44,41.07,,,,,,,,,
Kochia scoparia,NA,,,,,,,,,Moderate Risk,,,,,,,,,,45,,,,,,,,,
Koelreuteria paniculata,NA,,,,,,,,,High Risk,,,,,,,,,,71.05,,,,,,,,,
Kolkwitzia amabilis,NA,,,,,,,,,High Risk,,,,,,,,,,68.75,,,,,,,,,
Lagarosiphon major,NA,,,,,,,,,High Risk,,,,,,,,,,76,,,,,,,,,
Lagerstroemia indica,NA,,,,,,,,,High Risk,,,,,,,,,,74,,,,,,,,,
Lamium galeobdolon,NA,,,,,,,,,Moderate Risk,,,,,,,,,,75.27,,,,,,,,,
Lepidium latifolium,Perennial Pepperweed,,,,,,Invasive,,Prohibited List,High Risk,,,Severly invasive,,,,56,/75,67.57,74.23,,,,,,,,,
Lepidium spp.,NA,,,,,,,,,Moderate Risk,,,,,,,,,,79.38,,,,,,,,,
Lespedeza bicolor,"Bicolor Lespedeza, Two-colored Bush-clover",,,,,,,,Restricted List,Moderate Risk,,,"Invasive, habitat-specific threats",,,,,NA,58.75,50.59,,,,,,,,,
Lespedeza cuneata,Chinese Bush-Clover,,,,,,,,,High Risk,,,"Invasive, habitat-specific threats",,,,,/51,,63.33,,,,,,,,,
Leucojum aestivum,NA,,,,,,,,,Unknown Risk,,,,,,,,,,53.23,,,,,,,,,
Leymus arenarius,NA,,,,,,,,,Moderate Risk,,,,,,,,,,74.44,,,,,,,,,
Ligustrum amurense,NA,,,,,,,,,NA,,,,,,,,,,71.11,,,,,,,,,
Ligustrum japonicum,NA,,,,,,,,,Moderate Risk,,,,,,,,,,67.82,,,,,,,,,
Ligustrum lucidum,NA,,,,,,,,,Moderate Risk,,,,,,,,,,NA,,,,,,,,,
Ligustrum obtusifolium,Border Privet,,,,,,Likely Invasive,,Prohibited List,High Risk,,,Very invasive,,,,59,65.06,69.79,69.23,,,,,,,,,
Ligustrum ovalifolium,California Privet,,,,,,Needs further review,,,Low Risk,,,Very invasive,,,,61.43,76.67,,NA,,,,,,,,,
Ligustrum sinense,Chinese privet,,,,,,Needs further review,,,High Risk,,,,,,,75,,,44.83,,,,,,,,,
Ligustrum vulgare,European Privet,,,,,,Needs further review,Likely Invasive,Prohibited List,Moderate Risk,,,Very invasive,,,,63,NA,NA,69.23,,,,,,,,,
Linaria dalmatica,Dalmation Toadflax,,,,,,,,,High Risk,,,"Invasive, habitat-specific threats",,,,,67.82,,NA,,,,,,,,,
Liriope spicata,NA,,,,,,,,,High Risk,,,,,,,,,,55.38,,,,,,,,,
Lobelia chinensis,NA,,,,,,,,,Insignificant Risk,,,,,,,,,,77,,,,,,,,,
Lonicera fragrantissima,NA,,,,,,,,,Unknown Risk,,,,,,,,,,74,,,,,,,,,
Lonicera japonica,Japanese Honeysuckle,,,,,,Invasive,Likely Invasive,Prohibited List,Very High Risk,,,Severly invasive,,,,56,36.99/77.78,NA,73.4,,,,,,,,,
Lonicera maackii,Amur Honeysuckle,,,,,,Potentially Invasive,Likely Invasive,,Very High Risk,,,Severly invasive,,,,72.22,83.51/NA,,NA,,,,,,,,,
Lonicera morrowii,Morrow's Honeysuckle,,,,,,Invasive,Invasive,,Very High Risk,,,Severly invasive,,,,85,84.44/NA,,NA,,,,,,,,,
Lonicera tatarica,Tartarian Honeysuckle,,,,,,Likely Invasive,Invasive,Prohibited List,,,,Severly invasive,,,,85.06,85.54/NA,NA,,,,,,,,,,
Lonicera x bella,Bella Honeysuckle,,,,,,Invasive,,,,,,Severly invasive,,,,NA,60,,,,,,,,,,,
Lonicera xylosteum,dwarf honeysuckle/Fly Honeysuckle,,,,,,Needs further review,,,Moderate Risk/Unknown Risk,,,Insufficient data to evaluate,,,,87.78,NA,,NA/62.5,,,,,,,,,
Lotus corniculatus,NA,,,,,,,,,Moderate Risk,,,,,,,,,,66.66,,,,,,,,,
Ludwigia adscendens,NA,,,,,,,,,Very High Risk,,,,,,,,,,33,,,,,,,,,
Ludwigia peploides,NA,,,,,,,,,Very High Risk,,,,,,,,,,59,,,,,,,,,
Lupinus polyphyllus,Western Lupine,,,,,,,Likely Invasive,,,,,"Potential to be invasive, monitor",,,,,84.95/NA,,,,,,,,,,,
Luzula luzuloides,NA,,,,,,,,,High Risk,,,,,,,,,,NA,,,,,,,,,
Lysimachia clethroides,NA,,,,,,,,,Unknown Risk/NA,,,,,,,,,,48/73,,,,,,,,,
Lysimachia nummularia,Moneywort; Creeping Jenny,,,,,,Invasive,,Prohibited List,Moderate Risk,,,"Potential to be invasive, monitor",,,,51,68.89,NA,43.68,,,,,,,,,
Lysimachia punctata,NA,,,,,,,,,Moderate Risk,,,,,,,,,,64.29,,,,,,,,,
Lysimachia salicaria,NA,,,,,,,,,Very High Risk,,,,,,,,,,NA,,,,,,,,,
Lysimachia vulgaris,NA,,,,,,,,,High Risk,,,,,,,,,,57.14,,,,,,,,,
Lythrum salicaria,Purple Loosestrife,,,,,,Invasive,Invasive,,,,,Very invasive,,,,NA,91/72.73,,,,,,,,,,,
Lythrum virgatum,NA,,,,,,,,,Very High Risk,,,,,,,,,,68,,,,,,,,,
Macleaya cordata,NA,,,,,,,,,High Risk,,,,,,,,,,NA,,,,,,,,,
Mahonia bealei,NA,,,,,,,,,High Risk,,,,,,,,,,80.21,,,,,,,,,
Malus baccata,NA,,,,,,,,,High Risk,,,,,,,,,,75,,,,,,,,,
Malus floribunda,NA,,,,,,,,,High Risk,,,,,,,,,,73,,,,,,,,,
Malus hupehensis,NA,,,,,,,,,High Risk,,,,,,,,,,79,,,,,,,,,
Malus sieboldii,NA,,,,,,,,,Unknown Risk,,,,,,,,,,77,,,,,,,,,
Malus sylvestris,NA,,,,,,,,,High Risk,,,,,,,,,,76,,,,,,,,,
Marislea quadrifolia,NA,,,,,,,,,Unknown Risk/Moderate Risk,,,,,,,,,,79.37/75,,,,,,,,,
Melaleuca quinquenervia,NA,,,,,,,,,High Risk,,,,,,,,,,45,,,,,,,,,
Melia azedarach,NA,,,,,,,,,Moderate Risk,,,,,,,,,,66.66,,,,,,,,,
Mentha pulegium,NA,,,,,,,,,Moderate Risk,,,,,,,,,,80,,,,,,,,,
Microstegium vimineum,Japanese Stiltgrass,,,,,,Likely Invasive,Potentiall Invasive,Prohibited List,Very High Risk,,,Severly invasive,,,,59,62.22/59.3,NA,77.55,,,,,,,,,
Miscanthus sacchariflorus,"Silver plumegrass; Amur, Japanese, or Chinese silvergrass",,,,,,Likely Invasive,,,Moderate Risk,,,,,,,67.74,,,85,,,,,,,,,
Miscanthus sinensis,Chinese silver grass,,,,,,Needs further review,,,High Risk,,,,,,,77,,,NA,,,,,,,,,
Misgurnus anguillicaudatus,NA,,,,,,,,,High Risk,,,,,,,,,,77.78,,,,,,,,,
Monochoria vaginalis,NA,NY,NA,Non-Native Plant Assessments,,,,,,High Risk,,,,,,,,,,NA,,,,,,,,,
Morus alba,NA,NY,NA,Non-Native Plant Assessments,,,,,,Moderate Risk,,,,,,,,,,80.25,,,,,,,,,
Morus alba,white mulberry,MA,N/A,N/A,Needs further review,71,,,,,,,,,,,,,,,,,,,,,,,
Mosla dianthera,NA,NY,NA,Non-Native Plant Assessments,High Risk,68.67,,,,,,,,,,,,,,,,,,,,,,,
Murdannia keisak,NA,NY,NA,Non-Native Plant Assessments,High Risk,NA,,,,,,,,,,,,,,,,,,,,,,,
Mycelis muralis,Wall Lettuce,ME,Non-regulatory,Advisory List,Insufficient data to evaluate,71,,,,,,,,,,,,,,,,,,,,,,,
Mycelis muralis,Wall lettuce,NH,Regulatory,Restricted List,Watch,78.16,,,,,,,,,,,,,,,,,,,,,,,
Myosotis scorpioides,Water Forget-me-not,ME,Non-regulatory,Advisory List,Very invasive,56.82,,,,,,,,,,,,,,,,,,,,,,,
Myosotis scorpioides,NA,NY,NA,Non-Native Plant Assessments,Unknown Risk,40,,,,,,,,,,,,,,,,,,,,,,,
Myosotis scorpioides,Forget-me-not,MA,Regulatory,N/A,Likely Invasive,62.67,,,,,,,,,,,,,,,,,,,,,,,
Myriophyllum aquaticum,Parrot Feather,ME,Non-regulatory,Advisory List,Severly invasive,NA,,,,,,,,,,,,,,,,,,,,,,,
Myriophyllum aquaticum,NA,NY,NA,Non-Native Plant Assessments,High Risk,NA,,,,,,,,,,,,,,,,,,,,,,,
Myriophyllum aquaticum,Parrot-feather; water-feather; Brazilian water-milfoil,MA,Regulatory,N/A,Likely Invasive,80.68,,,,,,,,,,,,,,,,,,,,,,,
Myriophyllum heterophyllum,Variable Milfoil,ME,Non-regulatory,Advisory List,Severly invasive,76.67,,,,,,,,,,,,,,,,,,,,,,,
Myriophyllum heterophyllum,NA,NY,NA,Non-Native Plant Assessments,Very High Risk,NA,,,,,,,,,,,,,,,,,,,,,,,
Myriophyllum heterophyllum,Variable water-milfoil; two-leaved water-milfoil,MA,Regulatory,N/A,Invasive,85.71,,,,,,,,,,,,,,,,,,,,,,,
Myriophyllum spicatum,Eurasian milfoil,ME,Non-regulatory,Advisory List,Severly invasive,93.62,,,,,,,,,,,,,,,,,,,,,,,
Myriophyllum spicatum,NA,NY,NA,Non-Native Plant Assessments,Very High Risk,NA,,,,,,,,,,,,,,,,,,,,,,,
Myriophyllum spicatum,Eurasian water-milfoil,MA,Regulatory,N/A,Invasive,87.23,,,,,,,,,,,,,,,,,,,,,,,
Najas minor,Brittle naiad,ME,Non-regulatory,Advisory List,Severly invasive,100,,,,,,,,,,,,,,,,,,,,,,,
Najas minor,NA,NY,NA,Non-Native Plant Assessments,Moderate Risk,NA,,,,,,,,,,,,,,,,,,,,,,,
Najas minor,Lesser Naiad; Brittle water-nymph,MA,Regulatory,N/A,Likely Invasive,82.98,,,,,,,,,,,,,,,,,,,,,,,
Nandina domestica,NA,NY,NA,Non-Native Plant Assessments,Moderate Risk,64.84,,,,,,,,,,,,,,,,,,,,,,,
Narcissus pseudonarcissus,NA,NY,NA,Non-Native Plant Assessments,High Risk,NA,,,,,,,,,,,,,,,,,,,,,,,
Nasturtium microphyllum,One-rowed watercress,ME,Non-regulatory,Advisory List,"Invasive, habitat-specific threats",52.04,,,,,,,,,,,,,,,,,,,,,,,
Nasturtium microphyllum,NA,NY,NA,Non-Native Plant Assessments,High Risk,76,,,,,,,,,,,,,,,,,,,,,,,
Nasturtium officinale,Watercress,ME,Non-regulatory,Advisory List,"Invasive, habitat-specific threats",52.05,,,,,,,,,,,,,,,,,,,,,,,
Nasturtium officinale,NA,NY,NA,Non-Native Plant Assessments,Moderate Risk,78,,,,,,,,,,,,,,,,,,,,,,,
Nelumbo lutea,American Water Lotus,ME,Non-regulatory,Advisory List,Severly invasive,56.16,,,,,,,,,,,,,,,,,,,,,,,
Nelumbo nucifera,NA,NY,NA,Non-Native Plant Assessments,Moderate Risk,65.75,,,,,,,,,,,,,,,,,,,,,,,
Nerium oldeaner,NA,NY,NA,Non-Native Plant Assessments,High Risk,80.43,,,,,,,,,,,,,,,,,,,,,,,
Nitellopsis obtusa,Starry stonewort,ME,Non-regulatory,Advisory List,Severly invasive,64.38,,,,,,,,,,,,,,,,,,,,,,,
Nitellopsis obtusa,NA,NY,NA,Non-Native Plant Assessments,Very High Risk,71,,,,,,,,,,,,,,,,,,,,,,,
Nymphaea spp.,NA,NY,NA,Non-Native Plant Assessments,Low Risk,82.61,,,,,,,,,,,,,,,,,,,,,,,
Nymphoides cristata,NA,NY,NA,Non-Native Plant Assessments,High Risk,96,,,,,,,,,,,,,,,,,,,,,,,
Nymphoides peltata,Yellow Floating Heart,ME,Non-regulatory,Advisory List,Severly invasive,48.65,,,,,,,,,,,,,,,,,,,,,,,
Nymphoides peltata,NA,NY,NA,Non-Native Plant Assessments,High Risk,73,,,,,,,,,,,,,,,,,,,,,,,
Nymphoides peltata,Yellow floating heart,MA,Regulatory,N/A,Likely Invasive,84.69,,,,,,,,,,,,,,,,,,,,,,,
Onopordum acanthium,NA,NY,NA,Non-Native Plant Assessments,Moderate Risk,74.47,,,,,,,,,,,,,,,,,,,,,,,
Oplismenus hirtellus,NA,NY,NA,Non-Native Plant Assessments,High Risk,NA,,,,,,,,,,,,,,,,,,,,,,,
Oplismenus hirtellus ssp. undulatifolius,Wavyleaf Basketgrass,ME,Non-regulatory,Advisory List,Severly invasive,56,,,,,,,,,,,,,,,,,,,,,,,
Ornithogalum nutans,NA,NY,NA,Non-Native Plant Assessments,High Risk,70.27,,,,,,,,,,,,,,,,,,,,,,,
Ornithogalum umbellatum,NA,NY,NA,Non-Native Plant Assessments,Moderate Risk,81.82,,,,,,,,,,,,,,,,,,,,,,,
Ottelia alismoides,NA,NY,NA,Non-Native Plant Assessments,High Risk,78,,,,,,,,,,,,,,,,,,,,,,,
Pachysandra terminalis,NA,NY,NA,Non-Native Plant Assessments,High Risk,59.77,,,,,,,,,,,,,,,,,,,,,,,
Parthenium hysterophorus,NA,NY,NA,Non-Native Plant Assessments,Unknown Risk,76,,,,,,,,,,,,,,,,,,,,,,,
Paspalum urvillei,NA,NY,NA,Non-Native Plant Assessments,High Risk,75,,,,,,,,,,,,,,,,,,,,,,,
Pastinaca sativa,Wild parsnip,ME,Non-regulatory,Advisory List,"Potential to be invasive, monitor",52.31,,,,,,,,,,,,,,,,,,,,,,,
Pastinaca sativa,Wild parsnip,NH,Regulatory,Restricted List,NA,78,,,,,,,,,,,,,,,,,,,,,,,
Pastinaca sativa,NA,NY,NA,Non-Native Plant Assessments,Moderate Risk,44.29,,,,,,,,,,,,,,,,,,,,,,,
Paulownia tomentosa,Princess Tree,ME,Regulatory,Do Not Sell List,Potentiall Invasive,31,,,,,,,,,,,,,,,,,,,,,,,
Paulownia tomentosa,Princess Tree,ME,Non-regulatory,Advisory List,"Potential to be invasive, monitor",52,,,,,,,,,,,,,,,,,,,,,,,
Paulownia tomentosa,NA,NY,NA,Non-Native Plant Assessments,Moderate Risk,NA,,,,,,,,,,,,,,,,,,,,,,,
Peganum harmala,NA,NY,NA,Non-Native Plant Assessments,High Risk,45.16,,,,,,,,,,,,,,,,,,,,,,,
Pennisetum alopecuroides,NA,NY,NA,Non-Native Plant Assessments,High Risk,51.11,,,,,,,,,,,,,,,,,,,,,,,
Perilla frutescens,NA,NY,NA,Non-Native Plant Assessments,High Risk,70,,,,,,,,,,,,,,,,,,,,,,,
Perilla frutescens,NA,NY,NA,Non-Native Plant Assessments,Moderate Risk,76,,,,,,,,,,,,,,,,,,,,,,,
Periploca graeca,NA,NY,NA,Non-Native Plant Assessments,Unknown Risk,77,,,,,,,,,,,,,,,,,,,,,,,
Periploca graeca,NA,NY,NA,Non-Native Plant Assessments,Unknown Risk,50.65,,,,,,,,,,,,,,,,,,,,,,,
Persea americana,NA,NY,NA,Non-Native Plant Assessments,Moderate Risk,66.67,,,,,,,,,,,,,,,,,,,,,,,
Persicaria longiseta,Oriental Lady’s thumb Smartweed,ME,Non-regulatory,Advisory List,"Invasive, habitat-specific threats",50,,,,,,,,,,,,,,,,,,,,,,,
Persicaria longiseta,NA,NY,NA,Non-Native Plant Assessments,Moderate Risk,66,,,,,,,,,,,,,,,,,,,,,,,
Persicaria nepalensis,NA,NY,NA,Non-Native Plant Assessments,Unknown Risk,50,,,,,,,,,,,,,,,,,,,,,,,
Persicaria nepalensis,NA,NY,NA,Non-Native Plant Assessments,Unknown Risk,60.27,,,,,,,,,,,,,,,,,,,,,,,
Persicaria perfoliata,Mile a Minute Weed,ME,Regulatory,Do Not Sell List,Potentiall Invasive,76.12,,,,,,,,,,,,,,,,,,,,,,,
Persicaria perfoliata,Mile a Minute Weed,ME,Non-regulatory,Advisory List,Very invasive,47,,,,,,,,,,,,,,,,,,,,,,,
Persicaria perfoliata,NA,NY,NA,Non-Native Plant Assessments,Very High Risk,NA,,,,,,,,,,,,,,,,,,,,,,,
Persicaria perfoliata,Mile-a-minute vine; Asiatic tearthumb,MA,Regulatory,N/A,Invasive,68.97,,,,,,,,,,,,,,,,,,,,,,,
Petasites hybridus,NA,NY,NA,Non-Native Plant Assessments,Moderate Risk,91.1,,,,,,,,,,,,,,,,,,,,,,,
Petasites japonicus,Japanese Fuki,ME,Non-regulatory,Advisory List,Insufficient data to evaluate,NA,,,,,,,,,,,,,,,,,,,,,,,
Petasites japonicus,NA,NY,NA,Non-Native Plant Assessments,High Risk,58.33,,,,,,,,,,,,,,,,,,,,,,,
Phalaris arundinacea,Reed Canary Grass,ME,Non-regulatory,Advisory List,Severly invasive,67.57,,,,,,,,,,,,,,,,,,,,,,,
Phalaris arundinacea,Reed canary grass,NH,Regulatory,Restricted List,NA,73,,,,,,,,,,,,,,,,,,,,,,,
Phalaris arundinacea,NA,NY,NA,Non-Native Plant Assessments,High Risk,74,,,,,,,,,,,,,,,,,,,,,,,
Phalaris arundinacea,Reed canary-grass,MA,Regulatory,N/A,Invasive,82,,,,,,,,,,,,,,,,,,,,,,,
Phellodendron amurense,Amur Cork Tree,ME,Regulatory,Do Not Sell List,Potentiall Invasive,77.78,,,,,,,,,,,,,,,,,,,,,,,
Phellodendron amurense,Amur Cork Tree,ME,Non-regulatory,Advisory List,Very invasive,NA,,,,,,,,,,,,,,,,,,,,,,,
Phellodendron amurense,NA,NY,NA,Non-Native Plant Assessments,High Risk,NA,,,,,,,,,,,,,,,,,,,,,,,
Phellodendron amurense,Amur cork-tree,MA,Regulatory,N/A,Likely Invasive,69.88,,,,,,,,,,,,,,,,,,,,,,,
Phleum pratense,NA,NY,NA,Non-Native Plant Assessments,Moderate Risk,75,,,,,,,,,,,,,,,,,,,,,,,
Photinia villosa,Oriental Photinia,ME,Non-regulatory,Advisory List,Very invasive,NA,,,,,,,,,,,,,,,,,,,,,,,
Photinia villosa,NA,NY,NA,Non-Native Plant Assessments,High Risk,63.75,,,,,,,,,,,,,,,,,,,,,,,
Phragmites australis,Common Reed,ME,Non-regulatory,Advisory List,Severly invasive,64.91,,,,,,,,,,,,,,,,,,,,,,,
Phragmites australis,NA,NY,NA,Non-Native Plant Assessments,Very High Risk,77.14,,,,,,,,,,,,,,,,,,,,,,,
Phragmites australis,Common reed,MA,Regulatory,N/A,Invasive,89,,,,,,,,,,,,,,,,,,,,,,,
Phyllanthus tenellus,NA,NY,NA,Non-Native Plant Assessments,High Risk,92,,,,,,,,,,,,,,,,,,,,,,,
Phyllanthus urinaria,NA,NY,NA,Non-Native Plant Assessments,Unknown Risk,NA,,,,,,,,,,,,,,,,,,,,,,,
Phyllostachys aureosulcata,NA,NY,NA,Non-Native Plant Assessments,NA Risk,75,,,,,,,,,,,,,,,,,,,,,,,
Phyllostachys bissetii,NA,NY,NA,Non-Native Plant Assessments,High Risk,53.06,,,,,,,,,,,,,,,,,,,,,,,
Phyllostachys dulcis,NA,NY,NA,Non-Native Plant Assessments,High Risk,71.43,,,,,,,,,,,,,,,,,,,,,,,
Phyllostachys nigra,NA,NY,NA,Non-Native Plant Assessments,High Risk,70,,,,,,,,,,,,,,,,,,,,,,,
Phyllostachys nuda,NA,NY,NA,Non-Native Plant Assessments,Moderate Risk,70,,,,,,,,,,,,,,,,,,,,,,,
Phyllostachys vivax,NA,NY,NA,Non-Native Plant Assessments,High Risk,71,,,,,,,,,,,,,,,,,,,,,,,
Pimpinella saxifraga,NA,NY,NA,Non-Native Plant Assessments,High Risk,67,,,,,,,,,,,,,,,,,,,,,,,
Pinellia ternata,NA,NY,NA,Non-Native Plant Assessments,Insignificant Risk,71,,,,,,,,,,,,,,,,,,,,,,,
Pinus thunbergii,NA,NY,NA,Non-Native Plant Assessments,Moderate Risk,73,,,,,,,,,,,,,,,,,,,,,,,
Pistia stratiotes,Water lettuce,ME,Non-regulatory,Advisory List,Severly invasive,39.73,,,,,,,,,,,,,,,,,,,,,,,
Pistia stratiotes,NA,NY,NA,Non-Native Plant Assessments,NA Risk,58.62,,,,,,,,,,,,,,,,,,,,,,,
Pistia stratoides,NA,NY,NA,Non-Native Plant Assessments,Very High Risk,84.21,,,,,,,,,,,,,,,,,,,,,,,
Poa bulbosa,NA,NY,NA,Non-Native Plant Assessments,Low Risk,61.7,,,,,,,,,,,,,,,,,,,,,,,
Poa compressa,Canada Bluegrass; Flat-stemmed Bluegrass,ME,Non-regulatory,Advisory List,Not invasive at this time,80.65,,,,,,,,,,,,,,,,,,,,,,,
Poa compressa,NA,NY,NA,Non-Native Plant Assessments,Moderate Risk,48.75,,,,,,,,,,,,,,,,,,,,,,,
Poa nemoralis,Wood Blue Grass,ME,Non-regulatory,Advisory List,"Invasive, habitat-specific threats",32.18,,,,,,,,,,,,,,,,,,,,,,,
Poa pratensis,NA,NY,NA,Non-Native Plant Assessments,Moderate Risk,68.75,,,,,,,,,,,,,,,,,,,,,,,
Polygonum cuspidatum,Japanese knotweed,NH,Regulatory,Prohibited List,NA,58.82,,,,,,,,,,,,,,,,,,,,,,,
Polygonum cuspidatum,Japanese knotweed; Mexican bamboo,MA,Regulatory,N/A,Invasive,67.78,,,,,,,,,,,,,,,,,,,,,,,
Polygonum perfoliatum,Mile a Minute Weed,NH,Regulatory,Prohibited List,NA,65,,,,,,,,,,,,,,,,,,,,,,,
Polygonum perfoliatum,Mile-a-minute vine; Asiatic tearthumb,MA,Regulatory,N/A,Invasive,NA,,,,,,,,,,,,,,,,,,,,,,,
Polygonum sachalinense,Giant knotweed,MA,N/A,N/A,Needs further review,60,,,,,,,,,,,,,,,,,,,,,,,
Polypogon virdis,NA,NY,NA,Non-Native Plant Assessments,High Risk,NA,,,,,,,,,,,,,,,,,,,,,,,
Populus alba,White Cottonwood,ME,Regulatory,Do Not Sell List,Likely Invasive,NA,,,,,,,,,,,,,,,,,,,,,,,
Populus alba,White Cottonwood,ME,Non-regulatory,Advisory List,Severly invasive,73,,,,,,,,,,,,,,,,,,,,,,,
Populus alba,White popular,NH,Regulatory,Restricted List,NA,NA,,,,,,,,,,,,,,,,,,,,,,,
Populus alba,NA,NY,NA,Non-Native Plant Assessments,Moderate Risk,70.15,,,,,,,,,,,,,,,,,,,,,,,
Populus alba,white poplar,MA,N/A,N/A,Needs further review,69,,,,,,,,,,,,,,,,,,,,,,,
Potamogeton crispus,Curly Pondweed,ME,Non-regulatory,Advisory List,Severly invasive,55.95,,,,,,,,,,,,,,,,,,,,,,,
Potamogeton crispus,NA,NY,NA,Non-Native Plant Assessments,Very High Risk,NA,,,,,,,,,,,,,,,,,,,,,,,
Potamogeton crispus,Crisped pondweed; Curly pondweed,MA,Regulatory,N/A,Invasive,87.1,,,,,,,,,,,,,,,,,,,,,,,
Primula japonica,NA,NY,NA,Non-Native Plant Assessments,High Risk,79.79,,,,,,,,,,,,,,,,,,,,,,,
Prunus avium,NA,NY,NA,Non-Native Plant Assessments,Moderate Risk,NA,,,,,,,,,,,,,,,,,,,,,,,
Prunus cerasus,NA,NY,NA,Non-Native Plant Assessments,Moderate Risk,76,,,,,,,,,,,,,,,,,,,,,,,
Prunus incisa,NA,NY,NA,Non-Native Plant Assessments,High Risk,55,,,,,,,,,,,,,,,,,,,,,,,
Prunus padus,NA,NY,NA,Non-Native Plant Assessments,Moderate Risk,55,,,,,,,,,,,,,,,,,,,,,,,
Pseudosasa japonica,NA,NY,NA,Non-Native Plant Assessments,NA Risk,72,,,,,,,,,,,,,,,,,,,,,,,
Pueraria lobata,Kudzu,ME,Non-regulatory,Advisory List,Very invasive,51.11,,,,,,,,,,,,,,,,,,,,,,,
Pueraria lobata,Kudzu,NH,Regulatory,Prohibited List,NA,55.17,,,,,,,,,,,,,,,,,,,,,,,
Pueraria montana,NA,NY,NA,Non-Native Plant Assessments,Very High Risk,61.05,,,,,,,,,,,,,,,,,,,,,,,
Pueraria montana,Kudzu,MA,Regulatory,N/A,Likely Invasive,75,,,,,,,,,,,,,,,,,,,,,,,
Pyrus calleryana,"Callery (""Bradford"") Pear",ME,Regulatory,Do Not Sell List,Potentiall Invasive,84.44,,,,,,,,,,,,,,,,,,,,,,,
Pyrus calleryana,"Callery (""Bradford"") Pear",ME,Non-regulatory,Advisory List,Very invasive,NA,,,,,,,,,,,,,,,,,,,,,,,
Pyrus calleryana,NA,NY,NA,Non-Native Plant Assessments,High Risk,NA,,,,,,,,,,,,,,,,,,,,,,,
Pyrus calleryana,NA,NY,NA,Non-Native Plant Assessments,Moderate Risk,68,,,,,,,,,,,,,,,,,,,,,,,
Quercus acutissima,NA,NY,NA,Non-Native Plant Assessments,Moderate Risk,78,,,,,,,,,,,,,,,,,,,,,,,
Ranunculus ficaria,NA,NY,NA,Non-Native Plant Assessments,Very High Risk,65,,,,,,,,,,,,,,,,,,,,,,,
Ranunculus ficaria,Lesser celandine; Fig buttercup,MA,Regulatory,N/A,Invasive,58.9,,,,,,,,,,,,,,,,,,,,,,,
Ranunculus repens,Creeping Buttercup,ME,Non-regulatory,Advisory List,Very invasive,85.56,,,,,,,,,,,,,,,,,,,,,,,
Ranunculus repens,NA,NY,NA,Non-Native Plant Assessments,Moderate Risk,NA,,,,,,,,,,,,,,,,,,,,,,,
Ranunculus repens,Creeping buttercup,MA,Regulatory,N/A,Likely Invasive,68.89,,,,,,,,,,,,,,,,,,,,,,,
Rhamnus cathartica,Common Buckthorn,ME,Non-regulatory,Advisory List,Severly invasive,63.22,,,,,,,,,,,,,,,,,,,,,,,
Rhamnus cathartica,Common Buckthorn,NH,Regulatory,Prohibited List,NA,NA,,,,,,,,,,,,,,,,,,,,,,,
Rhamnus cathartica,NA,NY,NA,Non-Native Plant Assessments,Very High Risk,82,,,,,,,,,,,,,,,,,,,,,,,
Rhamnus cathartica,Comon buckthorn,MA,Regulatory,N/A,Invasive,79,,,,,,,,,,,,,,,,,,,,,,,
Rhodotypos scandens,Black Jetbead,ME,Non-regulatory,Advisory List,Very invasive,81,,,,,,,,,,,,,,,,,,,,,,,
Rhodotypos scandens,NA,NY,NA,Non-Native Plant Assessments,Moderate Risk,NA,,,,,,,,,,,,,,,,,,,,,,,
Robina hispida,NA,NY,NA,Non-Native Plant Assessments,Low Risk,69.86,,,,,,,,,,,,,,,,,,,,,,,
Robina pseudoacacia,NA,NY,NA,Non-Native Plant Assessments,Very High Risk,69.33,,,,,,,,,,,,,,,,,,,,,,,
Robinia pseudoacacia,Black Locust,ME,Regulatory,Do Not Sell List,Invasive,48.28,,,,,,,,,,,,,,,,,,,,,,,
Robinia pseudoacacia,Black Locust,ME,Non-regulatory,Advisory List,Severly invasive,81.11,,,,,,,,,,,,,,,,,,,,,,,
Robinia pseudoacacia,Black locust,NH,Regulatory,Restricted List,NA,NA,,,,,,,,,,,,,,,,,,,,,,,
Robinia pseudocacaia,Black locust,MA,Regulatory,N/A,Invasive,81.05,,,,,,,,,,,,,,,,,,,,,,,
Rorippa amphibia,"Great Watercress, Great Yellow-cress",ME,Non-regulatory,Advisory List,Insufficient data to evaluate,64,,,,,,,,,,,,,,,,,,,,,,,
Rorippa amphibia,NA,NY,NA,Non-Native Plant Assessments,Unknown Risk,NA,,,,,,,,,,,,,,,,,,,,,,,
Rorippa amphibia,Water yellowcress; Great yellowcress,MA,Regulatory,N/A,Likely Invasive,59.26,,,,,,,,,,,,,,,,,,,,,,,
Rorippa microphylla,watercress,MA,Regulatory,N/A,Likely Invasive,32,,,,,,,,,,,,,,,,,,,,,,,
Rorippa nasturtium-aquaticum,watercress,MA,Regulatory,N/A,Likely Invasive,NA,,,,,,,,,,,,,,,,,,,,,,,
Rosa lucieae,NA,NY,NA,Non-Native Plant Assessments,Unknown Risk,NA,,,,,,,,,,,,,,,,,,,,,,,
Rosa muliflora,NA,NY,NA,Non-Native Plant Assessments,Very High Risk,NA,,,,,,,,,,,,,,,,,,,,,,,
Rosa multiflora,Multiflora rose,ME,Regulatory,Do Not Sell List,Invasive,73.33,,,,,,,,,,,,,,,,,,,,,,,
Rosa multiflora,Multiflora rose,ME,Non-regulatory,Advisory List,Very invasive,89,,,,,,,,,,,,,,,,,,,,,,,
Rosa multiflora,Multiflora rose,NH,Regulatory,Prohibited List,NA,NA,,,,,,,,,,,,,,,,,,,,,,,
Rosa multiflora,Multiflora rose,MA,Regulatory,N/A,Invasive,65,,,,,,,,,,,,,,,,,,,,,,,
Rosa rugosa,Rugosa Rose,ME,Regulatory,Do Not Sell List,Invasive,58,,,,,,,,,,,,,,,,,,,,,,,
Rosa rugosa,Rugosa Rose,ME,Non-regulatory,Advisory List,Very invasive,NA,,,,,,,,,,,,,,,,,,,,,,,
Rosa rugosa,"Rugosa rose, seaside rose",NH,Regulatory,Restricted List,NA,NA,,,,,,,,,,,,,,,,,,,,,,,
Rosa rugosa,NA,NY,NA,Non-Native Plant Assessments,Moderate Risk,66.67,,,,,,,,,,,,,,,,,,,,,,,
Rosa rugosa,Japanese rose; rugosa rose,MA,Regulatory,N/A,Likely Invasive,44,,,,,,,,,,,,,,,,,,,,,,,
Rotala rotundifolia,NA,NY,NA,Non-Native Plant Assessments,Moderate Risk,63.44,,,,,,,,,,,,,,,,,,,,,,,
Rubus bifrons,NA,NY,NA,Non-Native Plant Assessments,Moderate Risk,NA,,,,,,,,,,,,,,,,,,,,,,,
Rubus caesius,NA,NY,NA,Non-Native Plant Assessments,High Risk,65.52,,,,,,,,,,,,,,,,,,,,,,,
Rubus fruticosus,European Blackberry,ME,Non-regulatory,Advisory List,Very invasive,63.75,,,,,,,,,,,,,,,,,,,,,,,
Rubus illecebrosus,NA,NY,NA,Non-Native Plant Assessments,Unknown Risk,76,,,,,,,,,,,,,,,,,,,,,,,
Rubus laciniatus,NA,NY,NA,Non-Native Plant Assessments,Moderate Risk,64.77,,,,,,,,,,,,,,,,,,,,,,,
Rubus phoenicolasias,Wineberry,ME,Non-regulatory,Advisory List,Severly invasive,43,,,,,,,,,,,,,,,,,,,,,,,
Rubus phoenicolasius,NA,NY,NA,Non-Native Plant Assessments,Very High Risk,63.21,,,,,,,,,,,,,,,,,,,,,,,
Rubus phoenicolasius,Wineberry; Wine raspberry,MA,Regulatory,N/A,Likely Invasive,76,,,,,,,,,,,,,,,,,,,,,,,
Rumex acetosella,NA,NY,NA,Non-Native Plant Assessments,Moderate Risk,85.56,,,,,,,,,,,,,,,,,,,,,,,
Saccharum ravennae,NA,NY,NA,Non-Native Plant Assessments,High Risk,NA,,,,,,,,,,,,,,,,,,,,,,,
Saliva glutinosa,NA,NY,NA,Non-Native Plant Assessments,Moderate Risk,66.25,,,,,,,,,,,,,,,,,,,,,,,
Salix atrocinerea/Salix cinerea,"Large gray willow, Rusty willow",MA,Regulatory,N/A,Invasive,75,,,,,,,,,,,,,,,,,,,,,,,
Salix atrocinerea-cinerea,NA,NY,NA,Non-Native Plant Assessments,Very High Risk,64.94,,,,,,,,,,,,,,,,,,,,,,,
Salix cinerea,Gray Willow,ME,Non-regulatory,Advisory List,"Invasive, habitat-specific threats",NA,,,,,,,,,,,,,,,,,,,,,,,
Salvinia minima,NA,NY,NA,Non-Native Plant Assessments,High Risk,84.44,,,,,,,,,,,,,,,,,,,,,,,
Salvinia molesta,NA,NY,NA,Non-Native Plant Assessments,High Risk,54.88,,,,,,,,,,,,,,,,,,,,,,,
Salvinia molesta,NA,NY,NA,Non-Native Plant Assessments,NA,79,,,,,,,,,,,,,,,,,,,,,,,
Saponaria officinalis,NA,NY,NA,Non-Native Plant Assessments,Moderate Risk,80,,,,,,,,,,,,,,,,,,,,,,,
Schedonorus phoenix,NA,NY,NA,Non-Native Plant Assessments,Moderate Risk,NA,,,,,,,,,,,,,,,,,,,,,,,
Schinus terebinthifolius,NA,NY,NA,Non-Native Plant Assessments,Moderate Risk,52.5,,,,,,,,,,,,,,,,,,,,,,,
Schoenoplectiella mucronata,NA,NY,NA,Non-Native Plant Assessments,High Risk,65,,,,,,,,,,,,,,,,,,,,,,,
Schoenoplectus mucronata,NA,NY,NA,Non-Native Plant Assessments,Unknown Risk,69,,,,,,,,,,,,,,,,,,,,,,,
Securiga varia,Crown vetch,NH,Regulatory,Restricted List,NA,74,,,,,,,,,,,,,,,,,,,,,,,
Sedum telephium,orpine,MA,N/A,N/A,Needs further review,50.88,,,,,,,,,,,,,,,,,,,,,,,
Senecio jacobaea,NA,NY,NA,Non-Native Plant Assessments,Moderate Risk,53,,,,,,,,,,,,,,,,,,,,,,,
Senecio jacobaea,Tansy ragwort; Stinking Willie,MA,Regulatory,N/A,Likely Invasive,NA,,,,,,,,,,,,,,,,,,,,,,,
Sesbania punicea,NA,NY,NA,Non-Native Plant Assessments,High Risk,60,,,,,,,,,,,,,,,,,,,,,,,
Silene flos-cuculi,NA,NY,NA,Non-Native Plant Assessments,High Risk,NA,,,,,,,,,,,,,,,,,,,,,,,
Silphium perfoliatum,NA,NY,NA,Non-Native Plant Assessments,High Risk,74,,,,,,,,,,,,,,,,,,,,,,,
Silybum marianum,NA,NY,NA,Non-Native Plant Assessments,High Risk,78,,,,,,,,,,,,,,,,,,,,,,,
Solanum dulcamara,Bittersweet or Climbing Nightshade,ME,Non-regulatory,Advisory List,"Potential to be invasive, monitor",77.78,,,,,,,,,,,,,,,,,,,,,,,
Solanum dulcamara,NA,NY,NA,Non-Native Plant Assessments,Moderate Risk,74,,,,,,,,,,,,,,,,,,,,,,,
Sorbaria sorbifolia,False Spiraea,ME,Non-regulatory,Advisory List,Insufficient data to evaluate,48,,,,,,,,,,,,,,,,,,,,,,,
Sorbaria sorbifolia,NA,NY,NA,Non-Native Plant Assessments,Moderate Risk,50.52,,,,,,,,,,,,,,,,,,,,,,,
Sorbaria sorbifolia,NA,NY,NA,Non-Native Plant Assessments,Unknown Risk,64.29,,,,,,,,,,,,,,,,,,,,,,,
Sorghum halepense,NA,NY,NA,Non-Native Plant Assessments,Moderate Risk,58.53,,,,,,,,,,,,,,,,,,,,,,,
Species Name,Common Name,State,List/Protocol Type,List/Protocol Name,Verbal Score/Result,44,,,,,,,,,,,,,,,,,,,,,,,
Spiraea japonica,NA,NY,NA,Non-Native Plant Assessments,Moderate Risk,68.89,,,,,,,,,,,,,,,,,,,,,,,
Stratiotes aloides,Water soldier,ME,Non-regulatory,Advisory List,Severly invasive,Point Score/Result,,,,,,,,,,,,,,,,,,,,,,,
Stratoides aloides,NA,NY,NA,Non-Native Plant Assessments,NA,62.34,,,,,,,,,,,,,,,,,,,,,,,
Stratoites aloides,NA,NY,NA,Non-Native Plant Assessments,High Risk,73.68,,,,,,,,,,,,,,,,,,,,,,,
Styphnolobium japonicum,NA,NY,NA,Non-Native Plant Assessments,Unknown Risk,NA,,,,,,,,,,,,,,,,,,,,,,,
Styphnolobium japonicum,NA,NY,NA,Non-Native Plant Assessments,Unknown Risk,76,,,,,,,,,,,,,,,,,,,,,,,
Symplocos paniculata,NA,NY,NA,Non-Native Plant Assessments,High Risk,55.93,,,,,,,,,,,,,,,,,,,,,,,
Symplocos paniculata,NA,NY,NA,Non-Native Plant Assessments,Unknown Risk,43.28,,,,,,,,,,,,,,,,,,,,,,,
Syringa reticulata,Japanese Tree Lilac,ME,Non-regulatory,Advisory List,"Invasive, habitat-specific threats",72,,,,,,,,,,,,,,,,,,,,,,,
Syringa reticulata,NA,NY,NA,Non-Native Plant Assessments,Moderate Risk,50,,,,,,,,,,,,,,,,,,,,,,,
Syringa reticulata,NA,NY,NA,Non-Native Plant Assessments,Unknown Risk,51.67,,,,,,,,,,,,,,,,,,,,,,,
Tamarix aphylla,NA,NY,NA,Non-Native Plant Assessments,Moderate Risk,63.57,,,,,,,,,,,,,,,,,,,,,,,
Tamarix spp.,NA,NY,NA,Non-Native Plant Assessments,Very High Risk,31,,,,,,,,,,,,,,,,,,,,,,,
Tanacetum vulgare,NA,NY,NA,Non-Native Plant Assessments,Moderate Risk,69,,,,,,,,,,,,,,,,,,,,,,,
Thymus pulegioides,Wild Thyme,ME,Non-regulatory,Advisory List,Not invasive at this time,86,,,,,,,,,,,,,,,,,,,,,,,
Torilis japonica,NA,NY,NA,Non-Native Plant Assessments,Moderate Risk,50,,,,,,,,,,,,,,,,,,,,,,,
Trapa natans,Water Chestnut,ME,Non-regulatory,Advisory List,Severly invasive,9.18,,,,,,,,,,,,,,,,,,,,,,,
Trapa natans,NA,NY,NA,Non-Native Plant Assessments,Very High Risk,65,,,,,,,,,,,,,,,,,,,,,,,
Trapa natans,Water-chestnut,MA,Regulatory,N/A,Invasive,86.73,,,,,,,,,,,,,,,,,,,,,,,
Triadica sebifera,NA,NY,NA,Non-Native Plant Assessments,High Risk,82,,,,,,,,,,,,,,,,,,,,,,,
Tribulus terrestris,NA,NY,NA,Non-Native Plant Assessments,Moderate Risk,NA,,,,,,,,,,,,,,,,,,,,,,,
Tussilago farfara,Coltsfoot,ME,Non-regulatory,Advisory List,"Invasive, habitat-specific threats",73,,,,,,,,,,,,,,,,,,,,,,,
Tussilago farfara,NA,NY,NA,Non-Native Plant Assessments,Moderate Risk,50354,,,,,,,,,,,,,,,,,,,,,,,
Tussilago farfara,Coltsfoot,MA,Regulatory,N/A,Likely Invasive,51.76,,,,,,,,,,,,,,,,,,,,,,,
Typha orientalis,NA,NY,NA,Non-Native Plant Assessments,Moderate Risk,57.5,,,,,,,,,,,,,,,,,,,,,,,
Typha x glauca,NA,NY,NA,Non-Native Plant Assessments,Very High Risk,NA,,,,,,,,,,,,,,,,,,,,,,,
Ulmus pumila,Siberian Elm,ME,Non-regulatory,Advisory List,"Invasive, habitat-specific threats",68,,,,,,,,,,,,,,,,,,,,,,,
Ulmus pumila,Siberian elm,NH,Regulatory,Restricted List,NA,96.91,,,,,,,,,,,,,,,,,,,,,,,
Ulmus pumila,NA,NY,NA,Non-Native Plant Assessments,Moderate Risk,56.45,,,,,,,,,,,,,,,,,,,,,,,
Urtica dioica,NA,NY,NA,Non-Native Plant Assessments,High Risk,44,,,,,,,,,,,,,,,,,,,,,,,
Utricularia inflata,Inflated Bladderwort,ME,Non-regulatory,Advisory List,Severly invasive,52.5,,,,,,,,,,,,,,,,,,,,,,,
Valeriana officinalis,Common Valerian,ME,Regulatory,Do Not Sell List,Likely Invasive,78,,,,,,,,,,,,,,,,,,,,,,,
Valeriana officinalis,Common Valerian,ME,Non-regulatory,Advisory List,"Potential to be invasive, monitor",80.9,,,,,,,,,,,,,,,,,,,,,,,
Valeriana officinalis,NA,NY,NA,Non-Native Plant Assessments,Moderate Risk,NA,,,,,,,,,,,,,,,,,,,,,,,
Vallisneria spiralis,NA,NY,NA,Non-Native Plant Assessments,Moderate Risk,48,,,,,,,,,,,,,,,,,,,,,,,
Verbascum phlomoides,NA,NY,NA,Non-Native Plant Assessments,Unknown Risk,62.16,,,,,,,,,,,,,,,,,,,,,,,
Verbascum thapsus,common mullein,MA,N/A,N/A,Needs further review,62.89,,,,,,,,,,,,,,,,,,,,,,,
Verbena boneriensis,NA,NY,NA,Non-Native Plant Assessments,NA,58.7,,,,,,,,,,,,,,,,,,,,,,,
Veronica beccabunga,NA,NY,NA,Non-Native Plant Assessments,Moderate Risk,NA,,,,,,,,,,,,,,,,,,,,,,,
Veronica officinalis,NA,NY,NA,Non-Native Plant Assessments,Moderate Risk,NA,,,,,,,,,,,,,,,,,,,,,,,
Viburnum dilatatum,Linden Arrowwood,ME,Non-regulatory,Advisory List,Very invasive,61.84,,,,,,,,,,,,,,,,,,,,,,,
Viburnum dilatatum,NA,NY,NA,Non-Native Plant Assessments,Moderate Risk,51.95,,,,,,,,,,,,,,,,,,,,,,,
Viburnum dilatatum,NA,NY,NA,Non-Native Plant Assessments,Moderate Risk,66.67,,,,,,,,,,,,,,,,,,,,,,,
Viburnum lantana,NA,NY,NA,Non-Native Plant Assessments,Moderate Risk,60,,,,,,,,,,,,,,,,,,,,,,,
Viburnum opulus,NA,NY,NA,Non-Native Plant Assessments,Moderate Risk,57.14,,,,,,,,,,,,,,,,,,,,,,,
Viburnum plicatum,NA,NY,NA,Non-Native Plant Assessments,High Risk,53.75,,,,,,,,,,,,,,,,,,,,,,,
Viburnum setigerum,NA,NY,NA,Non-Native Plant Assessments,Low Risk,67.09,,,,,,,,,,,,,,,,,,,,,,,
Viburnum sieboldii,Siebold Viburnum,ME,Non-regulatory,Advisory List,"Invasive, habitat-specific threats",71,,,,,,,,,,,,,,,,,,,,,,,
Viburnum sieboldii,NA,NY,NA,Non-Native Plant Assessments,Moderate Risk,41.25,,,,,,,,,,,,,,,,,,,,,,,
Vicia cracca,NA,NY,NA,Non-Native Plant Assessments,Moderate Risk,58.33,,,,,,,,,,,,,,,,,,,,,,,
Vicia grandiflora,NA,NY,NA,Non-Native Plant Assessments,Unknown Risk,62.5,,,,,,,,,,,,,,,,,,,,,,,
Vicia lathyroides,NA,NY,NA,Non-Native Plant Assessments,Unknown Risk,54.44,,,,,,,,,,,,,,,,,,,,,,,
Vinca minor,NA,NY,NA,Non-Native Plant Assessments,Moderate Risk,28,,,,,,,,,,,,,,,,,,,,,,,
Vitex rotundifolia,NA,NY,NA,Non-Native Plant Assessments,High Risk,26,,,,,,,,,,,,,,,,,,,,,,,
Wisteria sinensis,NA,NY,NA,Non-Native Plant Assessments,Moderate Risk,57.14,,,,,,,,,,,,,,,,,,,,,,,
Zelkova serrata,NA,NY,NA,Non-Native Plant Assessments,High Risk,73,,,,,,,,,,,,,,,,,,,,,,,
,,,,,,56.7,,,,,,,,,,,,,,,,,,,,,,,
,,,,,,72,,,,,,,,,,,,,,,,,,,,,,,
,,,,,,,,,,,,,,,,,,,,,,,,,,,,,
,,,,,,,,,,,,,,,,,,,,,,,,,,,,,
,,,,,,,,,,,,,,,,,,,,,,,,,,,,,
,,,,,,,,,,,,,,,,,,,,,,,,,,,,,
,,,,,,,,,,,,,,,,,,,,,,,,,,,,,
,,,,,,,,,,,,,,,,,,,,,,,,,,,,,
,,,,,,,,,,,,,,,,,,,,,,,,,,,,,
,,,,,,,,,,,,,,,,,,,,,,,,,,,,,
,,,,,,,,,,,,,,,,,,,,,,,,,,,,,
,,,,,,,,,,,,,,,,,,,,,,,,,,,,,
,,,,,,,,,,,,,,,,,,,,,,,,,,,,,
,,,,,,,,,,,,,,,,,,,,,,,,,,,,,
,,,,,,,,,,,,,,,,,,,,,,,,,,,,,
,,,,,,,,,,,,,,,,,,,,,,,,,,,,,
,,,,,,,,,,,,,,,,,,,,,,,,,,,,,
,,,,,,,,,,,,,,,,,,,,,,,,,,,,,
,,,,,,,,,,,,,,,,,,,,,,,,,,,,,
,,,,,,,,,,,,,,,,,,,,,,,,,,,,,
,,,,,,,,,,,,,,,,,,,,,,,,,,,,,
,,,,,,,,,,,,,,,,,,,,,,,,,,,,,
,,,,,,,,,,,,,,,,,,,,,,,,,,,,,
,,,,,,,,,,,,,,,,,,,,,,,,,,,,,
,,,,,,,,,,,,,,,,,,,,,,,,,,,,,
,,,,,,,,,,,,,,,,,,,,,,,,,,,,,
,,,,,,,,,,,,,,,,,,,,,,,,,,,,,
,,,,,,,,,,,,,,,,,,,,,,,,,,,,,
,,,,,,,,,,,,,,,,,,,,,,,,,,,,,
,,,,,,,,,,,,,,,,,,,,,,,,,,,,,
,,,,,,,,,,,,,,,,,,,,,,,,,,,,,
,,,,,,,,,,,,,,,,,,,,,,,,,,,,,
,,,,,,,,,,,,,,,,,,,,,,,,,,,,,
,,,,,,,,,,,,,,,,,,,,,,,,,,,,,
,,,,,,,,,,,,,,,,,,,,,,,,,,,,,
,,,,,,,,,,,,,,,,,,,,,,,,,,,,,
,,,,,,,,,,,,,,,,,,,,,,,,,,,,,
,,,,,,,,,,,,,,,,,,,,,,,,,,,,,
,,,,,,,,,,,,,,,,,,,,,,,,,,,,,
,,,,,,,,,,,,,,,,,,,,,,,,,,,,,
,,,,,,,,,,,,,,,,,,,,,,,,,,,,,
,,,,,,,,,,,,,,,,,,,,,,,,,,,,,
,,,,,,,,,,,,,,,,,,,,,,,,,,,,,
,,,,,,,,,,,,,,,,,,,,,,,,,,,,,
,,,,,,,,,,,,,,,,,,,,,,,,,,,,,
,,,,,,,,,,,,,,,,,,,,,,,,,,,,,
,,,,,,,,,,,,,,,,,,,,,,,,,,,,,
,,,,,,,,,,,,,,,,,,,,,,,,,,,,,
,,,,,,,,,,,,,,,,,,,,,,,,,,,,,
,,,,,,,,,,,,,,,,,,,,,,,,,,,,,
,,,,,,,,,,,,,,,,,,,,,,,,,,,,,
,,,,,,,,,,,,,,,,,,,,,,,,,,,,,
,,,,,,,,,,,,,,,,,,,,,,,,,,,,,
,,,,,,,,,,,,,,,,,,,,,,,,,,,,,
,,,,,,,,,,,,,,,,,,,,,,,,,,,,,
,,,,,,,,,,,,,,,,,,,,,,,,,,,,,
,,,,,,,,,,,,,,,,,,,,,,,,,,,,,
,,,,,,,,,,,,,,,,,,,,,,,,,,,,,
,,,,,,,,,,,,,,,,,,,,,,,,,,,,,
,,,,,,,,,,,,,,,,,,,,,,,,,,,,,
,,,,,,,,,,,,,,,,,,,,,,,,,,,,,
,,,,,,,,,,,,,,,,,,,,,,,,,,,,,
,,,,,,,,,,,,,,,,,,,,,,,,,,,,,
,,,,,,,,,,,,,,,,,,,,,,,,,,,,,
,,,,,,,,,,,,,,,,,,,,,,,,,,,,,
,,,,,,,,,,,,,,,,,,,,,,,,,,,,,
,,,,,,,,,,,,,,,,,,,,,,,,,,,,,
,,,,,,,,,,,,,,,,,,,,,,,,,,,,,
,,,,,,,,,,,,,,,,,,,,,,,,,,,,,
,,,,,,,,,,,,,,,,,,,,,,,,,,,,,
,,,,,,,,,,,,,,,,,,,,,,,,,,,,,
,,,,,,,,,,,,,,,,,,,,,,,,,,,,,
,,,,,,,,,,,,,,,,,,,,,,,,,,,,,
,,,,,,,,,,,,,,,,,,,,,,,,,,,,,
,,,,,,,,,,,,,,,,,,,,,,,,,,,,,
,,,,,,,,,,,,,,,,,,,,,,,,,,,,,
,,,,,,,,,,,,,,,,,,,,,,,,,,,,,
,,,,,,,,,,,,,,,,,,,,,,,,,,,,,
,,,,,,,,,,,,,,,,,,,,,,,,,,,,,
,,,,,,,,,,,,,,,,,,,,,,,,,,,,,
,,,,,,,,,,,,,,,,,,,,,,,,,,,,,
,,,,,,,,,,,,,,,,,,,,,,,,,,,,,
,,,,,,,,,,,,,,,,,,,,,,,,,,,,,
,,,,,,,,,,,,,,,,,,,,,,,,,,,,,
,,,,,,,,,,,,,,,,,,,,,,,,,,,,,
,,,,,,,,,,,,,,,,,,,,,,,,,,,,,
,,,,,,,,,,,,,,,,,,,,,,,,,,,,,
,,,,,,,,,,,,,,,,,,,,,,,,,,,,,
,,,,,,,,,,,,,,,,,,,,,,,,,,,,,
,,,,,,,,,,,,,,,,,,,,,,,,,,,,,
,,,,,,,,,,,,,,,,,,,,,,,,,,,,,
,,,,,,,,,,,,,,,,,,,,,,,,,,,,,
,,,,,,,,,,,,,,,,,,,,,,,,,,,,,
,,,,,,,,,,,,,,,,,,,,,,,,,,,,,
,,,,,,,,,,,,,,,,,,,,,,,,,,,,,
,,,,,,,,,,,,,,,,,,,,,,,,,,,,,
,,,,,,,,,,,,,,,,,,,,,,,,,,,,,
,,,,,,,,,,,,,,,,,,,,,,,,,,,,,
,,,,,,,,,,,,,,,,,,,,,,,,,,,,,
,,,,,,,,,,,,,,,,,,,,,,,,,,,,,
,,,,,,,,,,,,,,,,,,,,,,,,,,,,,
,,,,,,,,,,,,,,,,,,,,,,,,,,,,,
,,,,,,,,,,,,,,,,,,,,,,,,,,,,,
,,,,,,,,,,,,,,,,,,,,,,,,,,,,,
,,,,,,,,,,,,,,,,,,,,,,,,,,,,,
,,,,,,,,,,,,,,,,,,,,,,,,,,,,,
,,,,,,,,,,,,,,,,,,,,,,,,,,,,,
,,,,,,,,,,,,,,,,,,,,,,,,,,,,,
,,,,,,,,,,,,,,,,,,,,,,,,,,,,,
,,,,,,,,,,,,,,,,,,,,,,,,,,,,,
,,,,,,,,,,,,,,,,,,,,,,,,,,,,,
,,,,,,,,,,,,,,,,,,,,,,,,,,,,,
,,,,,,,,,,,,,,,,,,,,,,,,,,,,,
,,,,,,,,,,,,,,,,,,,,,,,,,,,,,
,,,,,,,,,,,,,,,,,,,,,,,,,,,,,
,,,,,,,,,,,,,,,,,,,,,,,,,,,,,
,,,,,,,,,,,,,,,,,,,,,,,,,,,,,
,,,,,,,,,,,,,,,,,,,,,,,,,,,,,
,,,,,,,,,,,,,,,,,,,,,,,,,,,,,
,,,,,,,,,,,,,,,,,,,,,,,,,,,,,
,,,,,,,,,,,,,,,,,,,,,,,,,,,,,
,,,,,,,,,,,,,,,,,,,,,,,,,,,,,
,,,,,,,,,,,,,,,,,,,,,,,,,,,,,
,,,,,,,,,,,,,,,,,,,,,,,,,,,,,
,,,,,,,,,,,,,,,,,,,,,,,,,,,,,
,,,,,,,,,,,,,,,,,,,,,,,,,,,,,
,,,,,,,,,,,,,,,,,,,,,,,,,,,,,
,,,,,,,,,,,,,,,,,,,,,,,,,,,,,
,,,,,,,,,,,,,,,,,,,,,,,,,,,,,
,,,,,,,,,,,,,,,,,,,,,,,,,,,,,
,,,,,,,,,,,,,,,,,,,,,,,,,,,,,
,,,,,,,,,,,,,,,,,,,,,,,,,,,,,
,,,,,,,,,,,,,,,,,,,,,,,,,,,,,
,,,,,,,,,,,,,,,,,,,,,,,,,,,,,
,,,,,,,,,,,,,,,,,,,,,,,,,,,,,
,,,,,,,,,,,,,,,,,,,,,,,,,,,,,
,,,,,,,,,,,,,,,,,,,,,,,,,,,,,
,,,,,,,,,,,,,,,,,,,,,,,,,,,,,
,,,,,,,,,,,,,,,,,,,,,,,,,,,,,
,,,,,,,,,,,,,,,,,,,,,,,,,,,,,
,,,,,,,,,,,,,,,,,,,,,,,,,,,,,
,,,,,,,,,,,,,,,,,,,,,,,,,,,,,
,,,,,,,,,,,,,,,,,,,,,,,,,,,,,
,,,,,,,,,,,,,,,,,,,,,,,,,,,,,
,,,,,,,,,,,,,,,,,,,,,,,,,,,,,
,,,,,,,,,,,,,,,,,,,,,,,,,,,,,
,,,,,,,,,,,,,,,,,,,,,,,,,,,,,
,,,,,,,,,,,,,,,,,,,,,,,,,,,,,
,,,,,,,,,,,,,,,,,,,,,,,,,,,,,
,,,,,,,,,,,,,,,,,,,,,,,,,,,,,
,,,,,,,,,,,,,,,,,,,,,,,,,,,,,
,,,,,,,,,,,,,,,,,,,,,,,,,,,,,
,,,,,,,,,,,,,,,,,,,,,,,,,,,,,
,,,,,,,,,,,,,,,,,,,,,,,,,,,,,
,,,,,,,,,,,,,,,,,,,,,,,,,,,,,
,,,,,,,,,,,,,,,,,,,,,,,,,,,,,
,,,,,,,,,,,,,,,,,,,,,,,,,,,,,
,,,,,,,,,,,,,,,,,,,,,,,,,,,,,
,,,,,,,,,,,,,,,,,,,,,,,,,,,,,
,,,,,,,,,,,,,,,,,,,,,,,,,,,,,
,,,,,,,,,,,,,,,,,,,,,,,,,,,,,
,,,,,,,,,,,,,,,,,,,,,,,,,,,,,
,,,,,,,,,,,,,,,,,,,,,,,,,,,,,
,,,,,,,,,,,,,,,,,,,,,,,,,,,,,
,,,,,,,,,,,,,,,,,,,,,,,,,,,,,
,,,,,,,,,,,,,,,,,,,,,,,,,,,,,
,,,,,,,,,,,,,,,,,,,,,,,,,,,,,
,,,,,,,,,,,,,,,,,,,,,,,,,,,,,
,,,,,,,,,,,,,,,,,,,,,,,,,,,,,
,,,,,,,,,,,,,,,,,,,,,,,,,,,,,
,,,,,,,,,,,,,,,,,,,,,,,,,,,,,
,,,,,,,,,,,,,,,,,,,,,,,,,,,,,
,,,,,,,,,,,,,,,,,,,,,,,,,,,,,
,,,,,,,,,,,,,,,,,,,,,,,,,,,,,
,,,,,,,,,,,,,,,,,,,,,,,,,,,,,
,,,,,,,,,,,,,,,,,,,,,,,,,,,,,
,,,,,,,,,,,,,,,,,,,,,,,,,,,,,
,,,,,,,,,,,,,,,,,,,,,,,,,,,,,
,,,,,,,,,,,,,,,,,,,,,,,,,,,,,
,,,,,,,,,,,,,,,,,,,,,,,,,,,,,
,,,,,,,,,,,,,,,,,,,,,,,,,,,,,
,,,,,,,,,,,,,,,,,,,,,,,,,,,,,
,,,,,,,,,,,,,,,,,,,,,,,,,,,,,
,,,,,,,,,,,,,,,,,,,,,,,,,,,,,
,,,,,,,,,,,,,,,,,,,,,,,,,,,,,
,,,,,,,,,,,,,,,,,,,,,,,,,,,,,
,,,,,,,,,,,,,,,,,,,,,,,,,,,,,
,,,,,,,,,,,,,,,,,,,,,,,,,,,,,
,,,,,,,,,,,,,,,,,,,,,,,,,,,,,
,,,,,,,,,,,,,,,,,,,,,,,,,,,,,
,,,,,,,,,,,,,,,,,,,,,,,,,,,,,
,,,,,,,,,,,,,,,,,,,,,,,,,,,,,
,,,,,,,,,,,,,,,,,,,,,,,,,,,,,
,,,,,,,,,,,,,,,,,,,,,,,,,,,,,
,,,,,,,,,,,,,,,,,,,,,,,,,,,,,
,,,,,,,,,,,,,,,,,,,,,,,,,,,,,
,,,,,,,,,,,,,,,,,,,,,,,,,,,,,
,,,,,,,,,,,,,,,,,,,,,,,,,,,,,
,,,,,,,,,,,,,,,,,,,,,,,,,,,,,
,,,,,,,,,,,,,,,,,,,,,,,,,,,,,
,,,,,,,,,,,,,,,,,,,,,,,,,,,,,
,,,,,,,,,,,,,,,,,,,,,,,,,,,,,
,,,,,,,,,,,,,,,,,,,,,,,,,,,,,
,,,,,,,,,,,,,,,,,,,,,,,,,,,,,
,,,,,,,,,,,,,,,,,,,,,,,,,,,,,
,,,,,,,,,,,,,,,,,,,,,,,,,,,,,
,,,,,,,,,,,,,,,,,,,,,,,,,,,,,
,,,,,,,,,,,,,,,,,,,,,,,,,,,,,
,,,,,,,,,,,,,,,,,,,,,,,,,,,,,
,,,,,,,,,,,,,,,,,,,,,,,,,,,,,
,,,,,,,,,,,,,,,,,,,,,,,,,,,,,
,,,,,,,,,,,,,,,,,,,,,,,,,,,,,
,,,,,,,,,,,,,,,,,,,,,,,,,,,,,
,,,,,,,,,,,,,,,,,,,,,,,,,,,,,
,,,,,,,,,,,,,,,,,,,,,,,,,,,,,
,,,,,,,,,,,,,,,,,,,,,,,,,,,,,
,,,,,,,,,,,,,,,,,,,,,,,,,,,,,
,,,,,,,,,,,,,,,,,,,,,,,,,,,,,
,,,,,,,,,,,,,,,,,,,,,,,,,,,,,
,,,,,,,,,,,,,,,,,,,,,,,,,,,,,
,,,,,,,,,,,,,,,,,,,,,,,,,,,,,
,,,,,,,,,,,,,,,,,,,,,,,,,,,,,
,,,,,,,,,,,,,,,,,,,,,,,,,,,,,
,,,,,,,,,,,,,,,,,,,,,,,,,,,,,
,,,,,,,,,,,,,,,,,,,,,,,,,,,,,
,,,,,,,,,,,,,,,,,,,,,,,,,,,,,
,,,,,,,,,,,,,,,,,,,,,,,,,,,,,
,,,,,,,,,,,,,,,,,,,,,,,,,,,,,
,,,,,,,,,,,,,,,,,,,,,,,,,,,,,
,,,,,,,,,,,,,,,,,,,,,,,,,,,,,
,,,,,,,,,,,,,,,,,,,,,,,,,,,,,
,,,,,,,,,,,,,,,,,,,,,,,,,,,,,
,,,,,,,,,,,,,,,,,,,,,,,,,,,,,
,,,,,,,,,,,,,,,,,,,,,,,,,,,,,
,,,,,,,,,,,,,,,,,,,,,,,,,,,,,
,,,,,,,,,,,,,,,,,,,,,,,,,,,,,
